{"cameraMode":{"drawMode":0,"name":"Shaded","section":"Shading Mode"},"sceneLighting":true,"audioPlay":false,"sceneViewState":{"m_AlwaysRefresh":false,"showFog":true,"showSkybox":true,"showFlares":true,"showImageEffects":true,"showParticleSystems":true,"showVisualEffectGraphs":true,"m_FxEnabled":true},"in2DMode":false,"pivot":{"x":2.6035704612731935,"y":0.9908549785614014,"z":-5.060035705566406},"rotation":{"x":-0.05101398751139641,"y":0.8437572717666626,"z":-0.08151490986347199,"w":-0.5280521512031555},"size":0.9704126119613648,"orthographic":false}