{"cameraMode":{"drawMode":0,"name":"Shaded","section":"Shading Mode"},"sceneLighting":true,"audioPlay":false,"sceneViewState":{"m_AlwaysRefresh":false,"showFog":true,"showSkybox":true,"showFlares":true,"showImageEffects":true,"showParticleSystems":true,"showVisualEffectGraphs":true,"m_FxEnabled":true},"in2DMode":false,"pivot":{"x":-5.800553798675537,"y":6.576409816741943,"z":-9.660186767578125},"rotation":{"x":0.07042297720909119,"y":0.02304268628358841,"z":-0.0016271412605419756,"w":0.9972519874572754},"size":3.060598850250244,"orthographic":false}