{"cameraMode":{"drawMode":0,"name":"Shaded","section":"Shading Mode"},"sceneLighting":true,"audioPlay":false,"sceneViewState":{"m_AlwaysRefresh":false,"showFog":true,"showSkybox":true,"showFlares":true,"showImageEffects":true,"showParticleSystems":true,"showVisualEffectGraphs":true,"m_FxEnabled":true},"in2DMode":false,"pivot":{"x":2.957058906555176,"y":6.862794876098633,"z":4.127014636993408},"rotation":{"x":-0.03172048553824425,"y":0.07249718904495239,"z":-0.002306742826476693,"w":-0.9968648552894592},"size":10.137040138244629,"orthographic":false}