{"cameraMode":{"drawMode":0,"name":"Shaded","section":"Shading Mode"},"sceneLighting":false,"audioPlay":false,"sceneViewState":{"m_AlwaysRefresh":false,"showFog":true,"showSkybox":true,"showFlares":true,"showImageEffects":true,"showParticleSystems":true,"showVisualEffectGraphs":true,"m_FxEnabled":true},"in2DMode":false,"pivot":{"x":11.160502433776856,"y":3.3441975116729738,"z":1.8025715351104737},"rotation":{"x":-0.08551274985074997,"y":0.7717390060424805,"z":-0.1062454953789711,"w":-0.6211435198783875},"size":3.9880619049072267,"orthographic":true}