{"cameraMode":{"drawMode":0,"name":"Shaded","section":"Shading Mode"},"sceneLighting":true,"audioPlay":false,"sceneViewState":{"m_AlwaysRefresh":false,"showFog":true,"showSkybox":true,"showFlares":true,"showImageEffects":true,"showParticleSystems":true,"showVisualEffectGraphs":true,"m_FxEnabled":true},"in2DMode":false,"pivot":{"x":7.8084869384765629,"y":-14.132858276367188,"z":8.070802688598633},"rotation":{"x":0.6914520263671875,"y":0.0026027350686490537,"z":-0.002489512786269188,"w":0.7224177122116089},"size":26.802087783813478,"orthographic":false}